Number of Bus,ID,MW Break 1,MWh Price 1,MW Break 2,MWh Price 2,MW Break 3,MWh Price 3,MW Break 4,MWh Price 4,MW Break 5,MWh Price 5
111180,1,87.52,28.20596741,219.22,30.35404895,350.91,32.50196738,482.61,34.65004892,614.3,36.79796735
111181,1,303.73,36.11201163,392.78,36.62698269,481.84,37.14201157,570.89,37.65698262,659.95,38.1720115
111183,1,15.73,85.75401411,23.38,85.80597989,31.04,85.85801359,38.69,85.90997936,46.35,85.96201306
111184,1,6.3,98.648,15.84,98.683,25.38,98.718,34.92,98.753,44.46,98.788
111185,1,23.18,88.31003895,29.34,88.42994162,35.51,88.55003893,41.67,88.6699416,47.84,88.79003891
111186,1,23.19,77.48802985,28.55,77.57098397,33.91,77.65393809,39.28,77.73704698,44.64,77.8200011
111187,1,21.89,81.93001425,30.31,81.98999288,38.73,82.04997151,47.16,82.11002137,55.58,82.16999999
111188,1,26.28,93.67202526,31.82,93.73996358,37.37,93.80802453,42.91,93.87596284,48.46,93.94402379
111190,1,27.6,36.42,42.88,36.45,58.16,36.48,73.44,36.51,88.72,36.54
111191,1,48.44,42.8320234,59.55,42.95898885,70.66,43.08595429,81.78,43.21303401,92.89,43.33999945
111192,1,20.52,35.5099726,27.82,35.61004113,35.11,35.70997258,42.41,35.81004112,49.7,35.90997257
111193,1,14.65,37.832,23.12,37.877,31.59,37.922,40.06,37.967,48.53,38.012
111194,1,28.41,38.67796783,34.13,38.7700161,39.85,38.86206437,45.56,38.95395171,51.28,39.04599998
111195,1,24.09,36.63203951,30.67,36.75898117,37.25,36.88592283,43.84,37.01305741,50.42,37.13999907
111196,1,14.15,35.078,22.72,35.201,31.29,35.324,39.86,35.447,48.43,35.57
111197,1,13.05,37.416,21.84,37.484,30.63,37.552,39.42,37.62,48.21,37.688
111198,1,13.03,34.75801137,21.82,34.80998204,30.62,34.86201182,39.41,34.91398249,48.21,34.96601228
111199,1,25.07,37.46798372,31.46,37.52302632,37.84,37.57798277,44.23,37.63302537,50.61,37.68798182
111200,1,25.87,95.24998693,32.3,95.29302024,38.72,95.33598661,45.15,95.37901992,51.57,95.4219863
111201,1,25.9,85.002,32.32,85.079,38.74,85.156,45.16,85.233,51.58,85.31
111202,1,10.82,87.73598178,20.26,87.8240282,29.69,87.91198135,39.13,88.00002777,48.56,88.08798092
111203,1,8.97,84.98998532,18.78,85.06302244,28.58,85.13598511,38.39,85.20902223,48.19,85.2819849
111204,1,17.69,95.39801489,25.75,95.46099182,33.81,95.52396875,41.88,95.58702381,49.94,95.65000074
111205,1,26.75,98.39,33,98.47,39.25,98.55,45.5,98.63,51.75,98.71
111206,1,3.03,80.23003012,5.02,80.25995491,7.02,80.29003008,9.01,80.31995486,11.01,80.35003003
111208,1,149.2,20.33,252.16,20.68,355.12,21.03,458.08,21.38,561.04,21.73
111209,1,76.51,22.06999393,193.81,22.42700305,311.11,22.78401217,428.4,23.14099086,545.7,23.49799998
111210,1,224.35,20.93,301.48,21.717,378.61,22.504,455.74,23.291,532.87,24.078
111211,1,183.07,19.79198908,261.86,20.22001627,340.64,20.64798913,419.43,21.07601632,498.21,21.50398919
111212,2,165.98,36.5520113,243.18,36.98898301,320.39,37.42601132,397.59,37.86298303,474.8,38.30001135
111212,1,1.49,34.2380087,3.79,34.25099306,6.09,34.26397742,8.4,34.27701823,10.7,34.29000259
111213,1,34.5,41.648,82.2,42.491,129.9,43.334,177.6,44.177,225.3,45.02
111214,1,44.2,42.902,69.16,43.157,94.12,43.412,119.08,43.667,144.04,43.922
111215,1,29.81,42.69597371,57.65,43.06401329,85.49,43.43205288,113.32,43.79996027,141.16,44.16799985
111217,1,201.18,11.14600599,416.94,11.79399098,632.71,12.44200601,848.47,13.089991,1064.24,13.73800602
111218,1,178.29,10.49400603,398.63,11.155997,618.97,11.81798798,839.32,12.480009,1059.66,13.14199998
111220,1,34.89,51.13802386,44.11,51.25098743,53.33,51.36395099,62.56,51.47703708,71.78,51.59000064
111221,1,13.8,46.91,27.24,47.16,40.68,47.41,54.12,47.66,67.56,47.91
111223,1,3.97,21.18797542,9.18,21.25103613,14.38,21.31397579,19.59,21.3770365,24.79,21.43997616
111231,1,20.03,20.33800255,31.02,20.35099654,42.02,20.36400236,53.01,20.37699636,64.01,20.39000218
111232,1,7.5,21.4,21,21.64,34.5,21.88,48,22.12,61.5,22.36
111233,1,27.46,19.57999664,36.97,19.59700189,46.48,19.61400715,55.98,19.63099453,65.49,19.64799979
111234,1,19.31,30.10196697,30.45,30.28701671,41.59,30.47206645,52.72,30.65695007,63.86,30.84199981
111237,1,17.39,19.09001594,22.41,19.12999204,27.43,19.16996815,32.46,19.21002389,37.48,19.24999999
111241,2,13.43,23.90002198,16.34,23.93296571,19.26,23.96602264,22.17,23.99896637,25.09,24.0320233
111242,2,5.59,23.43203065,8.07,23.46998471,10.55,23.50793878,13.04,23.54604589,15.52,23.58399996
111242,1,12.12,20.97997483,15.3,21.02003781,18.47,21.0599748,21.65,21.10003778,24.82,21.13997478
111243,2,1.93,22.76001245,5.14,22.77998134,8.36,22.80001244,11.57,22.81998133,14.79,22.84001243
111243,1,5.77,22.62597059,8.22,22.66404746,10.66,22.70196892,13.11,22.74004579,15.55,22.77796724
111244,1,2.1,23.292,5.28,23.306,8.46,23.32,11.64,23.334,14.82,23.348
111246,1,68.38,23.33202905,82.7,23.53695728,97.03,23.74202862,111.35,23.94695686,125.68,24.1520282
111247,1,36.59,22.50000562,47.27,22.52999719,57.95,22.55998877,68.64,22.59000842,79.32,22.62
111248,1,14.6,23.198,18.08,23.22,21.56,23.242,25.04,23.264,28.52,23.286
111249,2,11.82,22.27197722,15.86,22.3190352,19.89,22.3659767,23.93,22.41303469,27.96,22.45997619
111249,1,14.84,21.65003499,18.27,21.70998254,21.7,21.76993009,25.14,21.83005242,28.57,21.88999997
111251,1,12.15,22.68,22.92,22.82,33.69,22.96,44.46,23.1,55.23,23.24
111252,1,20.23,24.24202579,29.38,24.35696265,38.54,24.47202512,47.69,24.58696198,56.85,24.70202446
111253,1,19.26,25.33996351,27.81,25.49701849,36.36,25.65407348,44.9,25.81094477,53.45,25.96799975
111254,1,10.92,22.56197005,22.54,22.73604495,34.15,22.90997004,45.77,23.08404494,57.38,23.25797003
111260,1,25.93,50.18003019,34.54,50.30995474,43.16,50.44003018,51.77,50.56995472,60.39,50.70003017
111262,1,14.26,49.13598063,19.01,49.18401054,23.76,49.23204045,28.5,49.27996924,33.25,49.32799914
111264,1,9.49,20.17202902,14.59,20.24698512,19.69,20.32194121,24.8,20.39704428,29.9,20.47200037
111266,2,11.11,31.48598053,17.89,31.55401033,24.67,31.62204014,31.44,31.6899696,38.22,31.7579994
111266,1,6.4,31.442,14.12,31.519,21.84,31.596,29.56,31.673,37.28,31.75
111267,1,24.7,31.978,34.76,32.134,44.82,32.29,54.88,32.446,64.94,32.602
111268,1,34.86,33.67197439,41.89,33.75901196,48.92,33.84604952,55.94,33.93296328,62.97,34.02000084
111270,1,58.9,21.274,71.14,21.386,83.38,21.498,95.62,21.61,107.86,21.722
111271,1,30.42,22.73797823,38.14,22.82103215,45.85,22.90397848,53.57,22.9870324,61.28,23.06997873
111272,1,32.31,21.4999744,39.81,21.59701308,47.31,21.69405175,54.8,21.79096105,62.3,21.88799972
111273,1,11.29,23.89201299,22.99,23.96599385,34.69,24.03997471,46.4,24.1140188,58.1,24.18799965
111274,1,19.97,22.5179637,30,22.70305567,40.02,22.88796309,50.05,23.07305506,60.07,23.25796248
111275,1,8.34,22.51801784,20.67,22.6309906,33,22.74396335,45.34,22.85702773,57.67,22.97000048
111276,1,21.65,21.878,31,21.901,40.35,21.924,49.7,21.947,59.05,21.97
111280,1,42.26,22.99996589,61.61,23.33001706,80.96,23.66006823,100.3,23.98994883,119.65,24.31999999
111281,1,37.35,22.09,50.68,22.14,64.01,22.19,77.34,22.24,90.67,22.29
111282,1,32.22,21.73799109,46.58,21.8010131,60.93,21.86399122,75.29,21.92701323,89.64,21.98999136
111283,1,13.48,22.03400265,31.58,22.05599647,49.69,22.07800243,67.79,22.09999624,85.9,22.12200221
111286,1,23.14,23.00001794,37.63,23.12999103,52.12,23.25996412,66.62,23.39002691,81.11,23.52
111287,1,32.87,22.3579678,45.42,22.56304927,57.96,22.76796732,70.51,22.97304878,83.05,23.17796683
111288,1,46.3,21.782,56.08,21.819,65.86,21.856,75.64,21.893,85.42,21.93
111289,1,26.43,22.58802771,34.8,22.70395845,43.18,22.8200277,51.55,22.93595844,59.93,23.05202769
111290,1,33.36,23.09797825,40.35,23.1730106,47.34,23.24804294,54.32,23.32296794,61.31,23.39800028
111291,1,15.74,20.92002078,19.59,20.95998963,23.44,20.99995847,27.3,21.04003114,31.15,21.07999998
111292,1,24.7,31.352,31.6,31.466,38.5,31.58,45.4,31.694,52.3,31.808
111295,1,16.48,28.54800229,26.98,28.56299543,37.49,28.57800286,47.99,28.592996,58.5,28.60800343
111296,1,22.97,27.3619748,32.18,27.47903824,41.38,27.59597458,50.59,27.71303802,59.79,27.82997435
111297,1,5.19,24.68001042,10.95,24.7099948,16.71,24.73997918,22.48,24.77001561,28.24,24.79999999
111301,1,28.92,24.47996277,55.14,24.9670557,81.35,25.45396285,107.57,25.94105577,133.78,26.42796292
111302,1,30.33,22.94001688,38.86,23.01297423,47.4,23.08601711,55.93,23.15897446,64.47,23.23201733
111303,1,20.77,24.6199866,31.22,24.69002011,41.66,24.7599866,52.11,24.8300201,62.55,24.89998659
111304,1,24.52,23.13999753,34.22,23.15300413,43.91,23.16599732,53.61,23.17900392,63.3,23.19199711
111306,1,26.33,29.70000968,42.86,29.77998549,59.4,29.86000968,75.93,29.93998548,92.47,30.02000967
111307,1,27.46,28.96397253,43.77,29.18601349,60.08,29.40805446,76.38,29.62995928,92.69,29.85200024
111308,1,46.9,29.66,59.32,29.763,71.74,29.866,84.16,29.969,96.58,30.072
111309,1,47.78,28.1220366,60.02,28.34594512,72.27,28.57003659,84.51,28.79394512,96.76,29.01803658
111312,1,16.83,25.75001336,46.46,25.94698009,76.1,26.1440133,105.73,26.34098002,135.37,26.53801323
111313,1,49.54,21.53800295,72.63,21.57399835,95.72,21.60999376,118.82,21.64600476,141.91,21.68200017
111314,1,71.73,24.70000751,90.38,24.76998874,109.04,24.8400075,127.69,24.90998874,146.35,24.9800075
111315,1,58.52,24.73398742,79.82,24.8660185,101.11,24.9979876,122.41,25.13001869,143.7,25.26198779
111316,1,8.55,23.072,18.84,23.129,29.13,23.186,39.42,23.243,49.71,23.3
111318,1,37.94,25.19202773,62.75,25.53698606,87.56,25.88194438,112.38,26.22704175,137.19,26.57200008
111319,1,69.97,22.73799739,88.38,22.76100369,106.78,22.7839975,125.19,22.8070038,143.59,22.82999761
111320,1,59.93,23.32000893,80.54,23.41298642,101.16,23.50600902,121.77,23.59898651,142.39,23.69200912
111321,1,42.35,23.106,66.08,23.544,89.81,23.982,113.54,24.42,137.27,24.858
111322,1,63.29,21.68803026,77.83,21.91098446,92.37,22.13393866,106.92,22.3570462,121.46,22.58000041
111324,1,82.41,20.64597315,108.93,21.00401358,135.45,21.362054,161.96,21.71995942,188.48,22.07799985
111325,1,90.78,18.74802378,109.62,18.97096455,128.47,19.19402367,147.31,19.41696444,166.16,19.64002356
111326,1,44.07,19.16997091,72.26,19.58004364,100.44,19.98997091,128.63,20.40004364,156.81,20.8099709
111327,1,66.98,16.95801293,90.18,17.10998026,113.39,17.2620131,136.59,17.41398043,159.8,17.56601327
111329,1,5.26,23.5599752,6.55,23.57701402,7.84,23.59405283,9.12,23.61095957,10.41,23.62799838
111330,1,9.54,21.67801681,22.63,21.79099114,35.72,21.90396548,48.82,22.01702612,61.91,22.13000045
111333,1,110.38,23.55203086,143.3,24.05695408,176.23,24.56203068,209.15,25.06695389,242.08,25.57203049
111334,1,74.33,22.54202245,94.46,22.76896613,114.6,22.99602255,134.73,23.22296623,154.87,23.45002264
111335,1,77.27,22.87999386,96.82,22.94000921,116.36,22.99999386,135.91,23.06000921,155.45,23.11999386
111336,1,38.81,23.13996153,66.05,23.66301917,93.29,24.18607681,120.52,24.70894243,147.76,25.23200007
111339,1,95.32,26.94798137,114.86,27.13302857,134.39,27.31798106,153.93,27.50302826,173.46,27.68798075
111340,1,37.65,27.818,63.32,28.301,88.99,28.784,114.66,29.267,140.33,29.75
111341,1,44.21,27.53999475,68.57,27.60300255,92.93,27.66601035,117.28,27.72899228,141.64,27.79200008
111343,1,10.31,42.629987,15.85,42.66700687,21.39,42.70402673,26.92,42.74097977,32.46,42.77799963
111344,2,5.07,47.57996903,11.66,47.68304708,18.24,47.78596872,24.83,47.88904677,31.41,47.9919684
111344,1,18.13,44.81402215,22.1,44.85596881,26.08,44.89802113,30.05,44.93996779,34.03,44.98202011
111345,1,6.14,43.37803454,12.51,43.49098181,18.88,43.60392908,25.26,43.71705366,31.63,43.83000092
111347,1,37.51,26.06998814,86.41,26.36000593,135.31,26.65002372,184.2,26.93998221,233.1,27.23
111348,1,24.1,24.012,53.24,24.509,82.38,25.006,111.52,25.503,140.66,26
111349,1,20.63,23.37800885,50.46,23.51298633,80.3,23.64800905,110.13,23.78298653,139.97,23.91800925
111350,1,35.46,24.09797306,62.33,24.46001348,89.2,24.8220539,116.06,25.18395958,142.93,25.546
111351,1,32.88,22.90801505,60.26,23.11397743,87.65,23.32001504,115.03,23.52597743,142.42,23.73201504
111352,1,66.37,28.00999457,84.06,28.05700792,101.74,28.10399468,119.43,28.15100803,137.11,28.1979948
111354,1,9.55,21.002,22.64,21.107,35.73,21.212,48.82,21.317,61.91,21.422
111355,1,39.06,21.33998739,62.85,21.49000631,86.64,21.64002522,110.42,21.78998108,134.21,21.94
111356,1,44.23,23.42202022,66.98,23.64997003,89.74,23.87802004,112.49,24.10596985,135.25,24.33401986
111357,1,21.32,22.39999868,48.66,22.41700183,75.99,22.43399876,103.33,22.4510019,130.66,22.46799883
111358,1,32.86,21.83998956,41.29,21.88300499,49.72,21.92602041,58.14,21.96898481,66.57,22.01200023
111360,1,36.35,18.796,62.96,19.234,89.57,19.672,116.18,20.11,142.79,20.548
111361,1,22.87,18.4079801,28.3,18.46102913,33.72,18.51398046,39.15,18.56702949,44.57,18.61998082
111364,1,44.23,31.33001116,54.98,31.38998327,65.74,31.45001116,76.49,31.50998326,87.25,31.57001115
111365,1,33.19,28.92201605,46.15,29.02699182,59.11,29.1319676,72.08,29.23702438,85.04,29.34200015
111366,1,8.33,29.48000471,21.06,29.50999293,33.8,29.54000471,46.53,29.56999293,59.27,29.60000471
111367,1,25.74,31.29200389,34.99,31.30999806,44.24,31.32799222,53.5,31.34600584,62.75,31.364
111368,1,13.5,30.32,25.2,30.34,36.9,30.36,48.6,30.38,60.3,30.4
111369,1,10.13,33.44201584,22.5,33.53697721,34.88,33.63201535,47.25,33.72697673,59.63,33.82201486
111372,1,74.41,27.90597275,93.93,28.17401384,113.45,28.44205493,132.96,28.7099587,152.48,28.97799979
111373,1,22.41,26.38998219,50.93,26.64300884,79.45,26.89603549,107.96,27.14897342,136.48,27.40200007
111374,1,66.8,29.26,86.44,29.533,106.08,29.806,125.72,30.079,145.36,30.352
111376,1,2.28,21.35001998,4.28,21.36997009,6.29,21.39001995,8.29,21.40997006,10.3,21.43001992
111378,1,6.91,23.59999027,15.13,23.64000487,23.35,23.68001947,31.56,23.71998539,39.78,23.76
111382,1,12.81,64.42796863,25.05,64.62001569,37.29,64.81206276,49.52,65.00395293,61.76,65.19599999
111384,1,4.91,30.68998901,6.73,30.70000551,8.55,30.71002201,10.36,30.71998348,12.18,30.72999998
111386,1,32.63,28.62000803,40.1,28.64998796,47.58,28.68000803,55.05,28.70998796,62.53,28.74000802
111390,1,220.95,30.65,271.26,30.84,321.57,31.03,371.88,31.22,422.19,31.41
111391,1,51.41,32.63798695,107.51,33.00300649,163.61,33.36802603,219.7,33.7329805,275.8,34.09800003
111392,1,156.21,29.7599866,192.03,30.0000067,227.85,30.2400268,263.66,30.4799799,299.48,30.72
111395,1,7.28,28.07201285,16.62,28.1299816,25.97,28.18801241,35.31,28.24598116,44.66,28.30401198
111396,1,10.18,23.46001141,18.94,23.50998289,27.71,23.56001141,36.47,23.60998288,45.24,23.66001141
111397,1,19.57,25.40797968,26.46,25.48003167,33.34,25.55197909,40.23,25.62403108,47.11,25.69597849
111398,1,24.34,26.21002698,30.27,26.28998652,36.2,26.36994606,42.14,26.45004044,48.07,26.52999999
111399,1,14.99,29.54404205,22.79,29.7059795,30.59,29.86791696,38.4,30.03006202,46.2,30.19199947
111400,1,18.36,25.9379871,25.49,25.98300618,32.62,26.02802526,39.74,26.0729812,46.87,26.11800028
111402,1,13.77,32.3079968,20.02,32.32000609,26.26,32.33199616,32.51,32.34400544,38.75,32.35599551
111402,2,10.04,30.2300269,17.03,30.32298685,24.02,30.4159468,31.02,30.50903975,38.01,30.6019997
111404,1,41.9,26.04,56.92,26.107,71.94,26.174,86.96,26.241,101.98,26.308
111408,1,1.83,8.532019611,3.46,8.548968214,5.1,8.566020796,6.73,8.582969399,8.37,8.600021981
111410,1,3.8,3.424,5.04,3.436,6.28,3.448,7.52,3.46,8.76,3.472
111412,1,2.08,2.810022753,3.66,2.826968476,5.25,2.84402145,6.83,2.860967173,8.42,2.878020148
120434,1,4.6,46.378,12.88,46.511,21.16,46.644,29.44,46.777,37.72,46.91
120434,2,7.34,44.77801915,15.07,44.85398992,22.8,44.92996069,30.54,45.00602974,38.27,45.08200051
120435,1,9.75,40.428,17,40.471,24.25,40.514,31.5,40.557,38.75,40.6
120436,1,7.55,39.5,15.24,39.593,22.93,39.686,30.62,39.779,38.31,39.872
120438,1,184.51,50.90996136,231.61,51.82001932,278.71,52.73007729,325.8,53.63994203,372.9,54.55
120439,1,112.96,41.86598162,172.37,42.41400926,231.78,42.9620369,291.18,43.50997229,350.59,44.05799993
120442,1,12.14,44.45001116,19.31,44.48999443,26.48,44.52997769,33.66,44.57001673,40.83,44.61
120442,2,13.89,42.95002053,20.71,43.01998975,27.53,43.08995896,34.36,43.16003077,41.18,43.22999999
120443,2,17.96,42.37798141,23.77,42.43400999,29.58,42.49003857,35.38,42.54597072,41.19,42.6019993
120443,1,17.18,38.33602467,23.34,38.41396173,29.51,38.4920253,35.67,38.56996236,41.84,38.64802594
120444,1,57.33,41.30803525,128.26,42.55994702,199.2,43.8120353,270.13,45.06394708,341.07,46.31603535
120445,1,83.66,43.37796966,112.93,43.82401531,142.2,44.27006096,171.46,44.71595421,200.73,45.16199986
120446,1,48.81,41.3119912,82.45,41.4600044,116.09,41.6080176,149.72,41.7559868,183.36,41.904
120449,2,3.98,39.35002722,4.86,39.36295485,5.75,39.37602938,6.63,39.38895701,7.52,39.40203154
120449,1,2.73,33.17001767,3.86,33.17997359,5,33.19001762,6.13,33.19997355,7.27,33.21001757
120450,1,3.63,36.05002522,4.58,36.06295815,5.54,36.07602723,6.49,36.08896016,7.45,36.10202924
120450,2,4.14,35.15002353,4.99,35.15998832,5.84,35.16995311,6.7,35.18003513,7.55,35.18999992
120451,2,1.32,35.0119605,2.74,35.03705093,4.15,35.06196466,5.57,35.08705509,6.98,35.11196883
120451,1,3.44,37.87802023,4.43,37.89098392,5.42,37.90394762,6.42,37.91704227,7.41,37.93000596
120452,1,2.6,35.112,3.76,35.129,4.92,35.146,6.08,35.163,7.24,35.18
120452,2,2.89,37.54802908,3.99,37.56298735,5.09,37.57794561,6.2,37.59303985,7.3,37.60799811
120453,1,3.04,37.29202617,4.11,37.30698513,5.18,37.32194408,6.26,37.33704283,7.33,37.35200179
120454,1,2.48,35.37003384,3.66,35.38994941,4.85,35.41003376,6.03,35.42994932,7.22,35.45003367
120454,2,1.26,33.88997763,2.69,33.90701264,4.12,33.92404765,5.54,33.94096354,6.97,33.95799855
120455,1,2.19,37.81001613,3.43,37.81999197,4.67,37.82996782,5.92,37.84002412,7.16,37.84999996
120455,2,4.13,37.04002818,4.98,37.05295327,5.84,37.06603041,6.69,37.0789555,7.55,37.09203264
120456,2,3.36,37.0219683,4.37,37.03601196,5.38,37.05005562,6.38,37.06396023,7.39,37.07800389
120456,1,1.47,35.93197695,2.86,35.94903757,4.24,35.96597545,5.63,35.98303607,7.01,35.99997396
120457,2,2.04,36.06203148,3.31,36.07898904,4.58,36.09594659,5.86,36.11303767,7.13,36.12999522
120457,1,1.35,32.28,2.76,32.297,4.17,32.314,5.58,32.331,6.99,32.348
120458,2,1.34,36.08002837,2.75,36.09998588,4.16,36.11994338,5.58,36.14004243,6.99,36.15999994
120458,1,3.46,34.24997171,4.45,34.2630122,5.44,34.27605269,6.42,34.28896146,7.41,34.30200195
120459,1,1.71,37.80997612,3.05,37.82701349,4.39,37.84405086,5.72,37.86096108,7.06,37.87799845
120459,2,3.28,36.76002349,4.3,36.77296101,5.33,36.78602537,6.35,36.79896289,7.38,36.81202724
120460,2,2.73,39.0300318,3.86,39.04695599,5,39.06402995,6.13,39.08095415,7.27,39.09802811
120460,1,4.12,38.16797671,4.98,38.18004449,5.83,38.19197194,6.69,38.20403971,7.54,38.21596716
120461,1,1.02,40.20997564,2.5,40.22703392,3.97,40.24397695,5.45,40.26103523,6.92,40.27797826
120463,1,108.51,23.41799724,170.81,23.50300135,233.11,23.58800546,295.4,23.67299592,357.7,23.75800003
120464,1,201.97,23.96199505,245.58,24.06700716,289.18,24.17199518,332.79,24.27700729,376.39,24.38199532
120467,1,136.06,23.84199749,187.05,23.90700129,238.04,23.9720051,289.02,24.03699616,340.01,24.10199996
120469,1,205.15,20.264,321.12,20.776,437.09,21.288,553.06,21.8,669.03,22.312
120470,1,237.11,22.1659865,301.69,22.60400681,366.27,23.04202713,430.84,23.47997962,495.42,23.91799994
120472,1,83.8,31.42,105.04,31.633,126.28,31.846,147.52,32.059,168.76,32.272
120473,1,30.66,31.16796655,57.33,31.61301665,84,32.05806675,110.66,32.50294997,137.33,32.94800007
120474,1,75.59,29.70003235,93.27,29.98698372,110.95,30.27393508,128.64,30.56104874,146.32,30.84800011
120490,1,3.91,6.547983331,5.83,6.563007316,7.75,6.5780313,9.66,6.592977034,11.58,6.608001019
120493,1,20.75,3.754,36.56,3.786,52.37,3.818,68.18,3.85,83.99,3.882
120498,1,1.22,5.627983887,2.96,5.641021916,4.69,5.653985014,6.43,5.667023043,8.16,5.679986141
120500,1,3.02,4.159982588,4.4,4.17302911,5.77,4.185981092,7.15,4.199027614,8.52,4.211979596
120503,2,4.92,8.977996648,12.08,8.993006709,19.23,9.007995807,26.39,9.023005869,33.54,9.037994967
120507,1,8.22,7.14799554,14.5,7.161006057,20.77,7.173995857,27.05,7.187006374,33.32,7.199996173
120512,1,32.82,7.81799613,46.26,7.844005806,59.69,7.86999613,73.13,7.896005805,86.56,7.921996129
120524,1,1.39,82.64204185,3.11,82.67598146,4.83,82.70992107,6.56,82.744058,8.28,82.77799761
130351,1,61.95,36.03,163.16,36.47,264.37,36.91,365.58,37.35,466.79,37.79
130352,1,20.72,47.6819963,40.18,47.71900576,59.63,47.7559962,79.09,47.79300565,98.54,47.82999609
130353,1,26.64,52.85801279,45.71,52.9799936,64.78,53.10197441,83.86,53.22401919,102.93,53.346
130355,1,39.1,27.708,80.3,27.993,121.5,28.278,162.7,28.563,203.9,28.848
130356,1,52.69,28.61801815,65.03,28.72999093,77.37,28.8419637,89.72,28.95402722,102.06,29.066
130359,1,183.65,27.46,228.52,27.78,273.39,28.1,318.26,28.42,363.13,28.74
130360,1,101.43,20.68202505,162.74,21.44696262,224.06,22.21202495,285.37,22.97696252,346.69,23.74202485
130361,1,24.75,27.8,53.2,28.24,81.65,28.68,110.1,29.12,138.55,29.56
130362,1,52.33,26.47202494,73.66,26.73896241,95,27.00602503,116.33,27.2729625,137.67,27.54002512
130363,1,45.96,27.18197912,68.57,27.41601026,91.18,27.6500414,113.78,27.88396903,136.39,28.11800017
130364,1,72.75,27.002,91.6,27.059,110.45,27.116,129.3,27.173,148.15,27.23
130365,1,47.33,24.77202293,69.66,25.02896544,92,25.28602301,114.33,25.54296552,136.67,25.8000231
130366,1,69.07,28.12397843,87.06,28.31603192,105.04,28.50797865,123.03,28.70003214,141.01,28.89197887
140304,1,15.03,56.47203355,22.42,56.5959497,29.82,56.72003354,37.21,56.84394969,44.61,56.96803352
140305,1,22.65,58.858,28.52,58.894,34.39,58.93,40.26,58.966,46.13,59.002
140306,1,15.48,56.32003835,22.78,56.45994251,30.09,56.60003833,37.39,56.7399425,44.7,56.88003831
140307,1,22.59,56.52002381,28.47,56.58998811,34.35,56.65995241,40.24,56.73003569,46.12,56.79999999
140308,1,102.82,44.02997045,163.06,44.92004433,223.29,45.80997045,283.53,46.70004433,343.76,47.58997045
140309,1,80.03,40.14002875,128.02,40.82995687,176.02,41.52002875,224.01,42.20995687,272.01,42.90002875
140311,1,3.96,26.03195291,4.81,26.0490166,5.66,26.0660803,6.5,26.08294325,7.35,26.10000694
140311,2,2.52,25.05798411,3.78,25.0700303,5.03,25.08198088,6.29,25.09402706,7.54,25.10597765
140313,1,5,21.33,9.4,21.34,13.8,21.35,18.2,21.36,22.6,21.37
140314,1,3.61,26.11199145,8.29,26.129003,12.97,26.14601454,17.64,26.16298973,22.32,26.18000128
140320,1,3.25,25.658,6.56,25.671,9.87,25.684,13.18,25.697,16.49,25.71
140321,1,9.12,23.17998129,11.26,23.20002812,13.39,23.21998126,15.53,23.24002809,17.66,23.25998124
140327,1,10.71,23.65999605,15.77,23.67000198,20.83,23.68000791,25.88,23.68999407,30.94,23.7
140328,1,6.42,24.79999594,12.34,24.81300676,18.25,24.8259956,24.17,24.83900642,30.08,24.85199526
140328,2,13.5,23.54,18,23.55,22.5,23.56,27,23.57,31.5,23.58
140331,1,141.54,35.48202812,180.23,36.02698589,218.92,36.57194366,257.62,37.11704228,296.31,37.66200005
140332,1,66.98,34.14003217,80.78,34.36295147,94.59,34.58603231,108.39,34.80895161,122.2,35.03203244
140333,1,17.25,37.108,41,37.2,64.75,37.292,88.5,37.384,112.25,37.476
140335,1,25.92,23.23398871,56.74,23.40601668,87.55,23.57798884,118.37,23.75001681,149.18,23.92198897
140336,1,54.02,27.61999474,76.82,27.6800079,99.61,27.73999474,122.41,27.8000079,145.2,27.85999473
140337,1,18.08,26.26002348,48.06,26.61296465,78.05,26.96602355,108.03,27.31896471,138.02,27.67202361
140339,1,72.34,29.24801534,90.07,29.38299244,107.8,29.51796955,125.54,29.65302278,143.27,29.78799988
140340,1,54.56,30.04997055,73.85,30.33301462,93.14,30.61605869,112.42,30.89895603,131.71,31.1820001
140341,2,20.33,33.98803338,25.72,34.07994848,31.12,34.17203411,36.51,34.2639492,41.91,34.35603483
140341,1,14.72,33.52996932,21.24,33.63004605,27.75,33.7299693,34.27,33.83004604,40.78,33.92996929
140342,1,6.4,34.36,14.58,34.413,22.76,34.466,30.94,34.519,39.12,34.572
140342,2,8.21,33.40997442,16.03,33.5100128,23.85,33.61005117,31.66,33.70996162,39.48,33.80999999
140343,2,8.3,37.39,16.1,37.52,23.9,37.65,31.7,37.78,39.5,37.91
140343,1,21.59,37.17203113,26.73,37.24898562,31.87,37.32594011,37.02,37.40304432,42.16,37.47999882
140350,1,15.27,21.49198528,21.52,21.53902274,27.76,21.58598495,34.01,21.63302241,40.25,21.67998462
140350,2,5.05,20.81,10.64,20.847,16.23,20.884,21.82,20.921,27.41,20.958
140351,2,4.15,21.76,8.54,21.79,12.93,21.82,17.32,21.85,21.71,21.88
140351,1,11.36,20.63796554,14.61,20.69301665,17.86,20.74806776,21.1,20.80294948,24.35,20.85800058
140357,1,84.98,25.49203379,102.38,25.78594933,119.79,26.08003378,137.19,26.37394932,154.6,26.66803378
140358,1,66.92,29.34198727,87.34,29.47001871,107.75,29.59798746,128.17,29.72601891,148.58,29.85398765
140359,1,83.87,27.58799272,100.9,27.65301163,117.92,27.71799236,134.95,27.78301128,151.97,27.84799201
140361,1,27.43,29.90001954,67.34,30.28997069,107.26,30.68001954,147.17,31.06997069,187.09,31.46001954
140362,1,38.5,23.394,60.6,23.686,82.7,23.978,104.8,24.27,126.9,24.562
140363,1,71.65,26.44,87.12,26.657,102.59,26.874,118.06,27.091,133.53,27.308
140374,2,15.94,33.57202495,21.55,33.6389886,27.16,33.70595225,32.78,33.77303527,38.39,33.83999892
140374,1,17.07,32.90798738,22.46,32.9410182,27.84,32.97398774,33.23,33.00701857,38.61,33.03998811
140375,2,12.07,35.64198936,18.46,35.67601598,24.84,35.70998935,31.23,35.74401597,37.61,35.77798935
140375,1,20.27,34.81598062,25.02,34.86403078,29.76,34.91197977,34.51,34.96002992,39.25,35.00797891
140377,1,11.38,8.01800645,15.1,8.032987117,18.83,8.048008054,22.55,8.062988721,26.28,8.078009658
150428,1,134.04,41.18803227,185.23,42.0129839,236.42,42.83793554,287.62,43.66304833,338.81,44.48799996
150429,1,97.44,42.16400395,124.75,42.21599817,152.06,42.26799238,179.38,42.32000564,206.69,42.37199985
150431,1,110.02,41.52996985,175.02,42.51004523,240.01,43.48996984,305.01,44.47004523,370,45.44996984
150432,1,65.72,48.44997265,139.58,49.46004103,213.43,50.46997265,287.29,51.48004103,361.14,52.48997265
150433,1,141.35,38.482,192.08,38.637,242.81,38.792,293.54,38.947,344.27,39.102
150435,1,40.82,53.2679731,53.46,53.440041,66.09,53.61197277,78.73,53.78404068,91.36,53.95597245
150436,1,22.69,49.62400418,38.95,49.65599816,55.21,49.68799213,71.48,49.72000578,87.74,49.75199975
150437,1,90.83,41.33603261,112.66,41.69395072,134.5,42.05203279,156.33,42.4099509,178.17,42.76803297
150438,1,26.66,41.97998228,41.33,42.11000887,56,42.24003545,70.66,42.36997341,85.33,42.5
150439,1,8.92,52.70995971,20.34,52.94006045,31.75,53.1699597,43.17,53.40006044,54.58,53.62995969
150441,1,571.44,11.620006,698.15,11.999997,824.86,12.379988,951.58,12.760009,1078.29,13.14
150442,1,212.97,11.29999399,409.38,11.89000901,605.78,12.47999399,802.19,13.07000901,998.59,13.65999399
150445,1,23.29,49.42201258,32.83,49.47899434,42.37,49.53597611,51.92,49.5930176,61.46,49.64999937
150446,1,21.98,54.39403624,31.58,54.56594649,41.19,54.73803581,50.79,54.90994606,60.4,55.08203539
150447,1,13.28,54.66800423,24.62,54.69099401,35.97,54.71400405,47.31,54.73699383,58.66,54.76000388
150448,1,31.3,52.166,39.24,52.244,47.18,52.322,55.12,52.4,63.06,52.478
150451,1,1.97,64.51996618,5.52,64.58005079,9.06,64.63996615,12.61,64.70005076,16.15,64.75996612
150452,1,3.14,64.42000604,6.45,64.42999698,9.76,64.43998793,13.08,64.45000905,16.39,64.45999999
150454,2,1.83,70.9500066,4.86,70.95999012,7.9,70.97000659,10.93,70.97999011,13.97,70.99000658
150454,1,3.54,57.93202848,6.77,57.97598702,10,58.01994556,13.24,58.0640402,16.47,58.10799874
150462,1,42.85,30.982,66.88,30.997,90.91,31.012,114.94,31.027,138.97,31.042
150463,1,37.04,30.29200358,50.43,30.31699806,63.82,30.34199253,77.22,30.36700567,90.61,30.39200015
150476,1,78.63,30.90200149,118.9,30.92999796,159.18,30.95800139,199.45,30.98599786,239.73,31.01400129
150477,1,49.82,26.54998844,82.36,26.73701721,114.89,26.9239885,147.43,27.11101727,179.96,27.29798857
150478,1,57.6,30.87,88.58,31.367,119.56,31.864,150.54,32.361,181.52,32.858
150481,1,34.08,26.93801521,85.36,27.32997703,136.65,27.72201529,187.93,28.11397711,239.22,28.50601536
150482,1,117.8,26.588,152.34,26.821,186.88,27.054,221.42,27.287,255.96,27.52
150483,1,48.08,25.82202617,71.46,26.12896057,94.85,26.43602626,118.23,26.74296066,141.62,27.05002634
150484,1,19.26,26.97996666,48.41,27.46701674,77.56,27.95406683,106.7,28.44094984,135.85,28.92799993
150485,1,70.83,29.73402804,89.66,29.99595838,108.5,30.25802782,127.33,30.51995816,146.17,30.7820276
150486,1,76.51,28.77797627,94.21,28.99101221,111.91,29.20404814,129.6,29.41696372,147.3,29.62999966
150488,1,78.65,28.812,108.92,29.08,139.19,29.348,169.46,29.616,199.73,29.884
150489,1,109.5,27.882,132.6,28.3,155.7,28.718,178.8,29.136,201.9,29.554
150490,1,59.72,28.24998923,92.78,28.42701603,125.83,28.60398929,158.89,28.78101609,191.94,28.95798935
150492,1,27.95,3.544,34.36,3.556,40.77,3.568,47.18,3.58,53.59,3.592
150496,1,45.51,4.569995973,60.41,4.600002014,75.31,4.630008055,90.2,4.659993958,105.1,4.689999999
150499,1,112.16,4.617995924,134.73,4.66300195,157.3,4.708007976,179.86,4.752994062,202.43,4.798000088
150502,1,26.89,3.548003729,53.71,3.600997912,80.53,3.653992096,107.36,3.707006039,134.18,3.760000223
150505,1,63.38,4.422004387,80.7,4.456994113,98.03,4.49200404,115.35,4.526993766,132.68,4.562003693
150507,1,17.68,4.276003797,36.64,4.313993884,55.61,4.352004007,74.57,4.389994094,93.54,4.428004218
150510,1,33.61,4.129995678,53.97,4.173002063,74.33,4.216008449,94.68,4.258993712,115.04,4.302000098
150512,1,45.8,4.42,58.64,4.447,71.48,4.474,84.32,4.501,97.16,4.528
150515,1,46.71,3.579995931,78.17,3.643001971,109.63,3.706008011,141.08,3.768994023,172.54,3.832000063
150517,1,33.41,2.671995321,40.25,2.686001756,47.09,2.700008191,53.92,2.713994148,60.76,2.728000583
150520,1,34.28,3.962003975,57.42,4.008993865,80.57,4.056004061,103.71,4.102993951,126.86,4.150004147
150523,1,83.67,30.29799621,158.6,30.44300585,233.52,30.58799613,308.45,30.73300577,383.37,30.87799605
150524,1,96.89,28.91803101,143.07,29.63298454,189.25,30.34793807,235.44,31.06304642,281.62,31.77799995
150525,1,53.83,29.8600167,108.92,30.31997495,164.02,30.7800167,219.11,31.23997495,274.21,31.7000167
150528,1,65.32,4.577995992,98.26,4.644006012,131.19,4.709995992,164.13,4.776006012,197.06,4.841995992
150531,1,23.31,3.929996067,43.65,3.970001967,63.99,4.010007867,84.32,4.049994099,104.66,4.089999999
150534,1,18.94,3.430004169,35.25,3.462998039,51.56,3.495991908,67.88,3.529006007,84.19,3.561999877
150541,2,7.56,31.43997867,9.81,31.4630098,12.06,31.48604094,14.3,31.50896972,16.55,31.53200086
150541,1,8.67,29.51197041,10.7,29.54004052,12.72,29.56797234,14.75,29.59604245,16.77,29.62397428
150542,1,4.22,26.33999178,7.14,26.35301373,10.05,26.36599108,12.97,26.37901303,15.88,26.39199039
150543,1,3.9,27.832,6.88,27.849,9.86,27.866,12.84,27.883,15.82,27.9
150543,2,7.92,25.63998163,10.1,25.6600276,12.27,25.67998161,14.45,25.70002757,16.62,25.71998158
150544,2,3.86,30.15997726,6.85,30.19301072,9.84,30.22604419,12.82,30.25896718,15.81,30.29200065
150544,1,6.95,26.29,9.32,26.32,11.69,26.35,14.06,26.38,16.43,26.41
150545,1,2.38,29.4680195,5.66,29.50296713,8.95,29.53802131,12.23,29.57296894,15.52,29.60802312
150545,2,9.17,26.85197303,11.1,26.87904262,13.02,26.90597195,14.95,26.93304154,16.87,26.95997087
150546,1,2.61,26.95998765,5.85,26.98000618,9.09,27.00002471,12.32,27.01998146,15.56,27.03999999
150546,2,2.95,26.22,6.12,26.23,9.29,26.24,12.46,26.25,15.63,26.26
150547,1,8.22,25.93998111,10.34,25.96002838,12.45,25.97998109,14.57,26.00002836,16.68,26.01998106
150549,1,8.08,3.740004523,12.5,3.749993222,16.93,3.76000452,21.35,3.769993219,25.78,3.780004517
150552,1,24.33,3.012004264,56.22,3.07699398,88.12,3.142004076,120.01,3.206993792,151.91,3.272003887
150554,1,4.26,3.129982301,5.39,3.140008897,6.52,3.150035492,7.64,3.159973357,8.77,3.169999953
160189,1,86.55,28.758,133.04,29.633,179.53,30.508,226.02,31.383,272.51,32.258
160190,1,75.61,27.63997125,91.89,27.87301426,108.17,28.10605726,124.44,28.33895711,140.72,28.57200012
160191,1,15.86,27.01999646,44.09,27.07000177,72.32,27.12000709,100.54,27.16999469,128.77,27.22
160194,1,57.13,29.30802223,80.7,29.57296615,104.28,29.83802248,127.85,30.1029664,151.43,30.36802273
160195,1,56.39,32.3700277,70.11,32.55998616,83.83,32.74994462,97.56,32.94004153,111.28,33.12999999
160198,1,22.57,35.90996899,27.86,35.99304731,33.14,36.07596859,38.43,36.15904692,43.71,36.24196819
160199,2,11.93,34.09801497,19.14,34.1509781,26.36,34.20401469,33.57,34.25697782,40.79,34.31001441
160199,1,7.59,32.33203382,15.87,32.46898383,24.15,32.60593384,32.44,32.74304925,40.72,32.87999926
160200,1,10.19,32.58001119,15.55,32.60999441,20.91,32.63997762,26.28,32.67001678,31.64,32.69999999
160200,2,1.95,30.42,3.66,30.44,5.37,30.46,7.08,30.48,8.79,30.5
160201,1,1.59,34.5620382,3.37,34.59697984,5.15,34.63192148,6.94,34.66705942,8.72,34.70200106
160205,1,138.58,29.95203038,174.66,30.49695477,210.75,31.04203021,246.83,31.58695461,282.92,32.13203004
160206,1,39.96,27.2199906,63.37,27.3300047,86.78,27.4400188,110.18,27.5499859,133.59,27.66
160207,1,39.26,28.25999524,62.81,28.31700246,86.36,28.37400968,109.9,28.4309927,133.45,28.48799991
160208,1,92.25,34.152,133.8,34.219,175.35,34.286,216.9,34.353,258.45,34.42
160210,1,212.55,20.54,301.04,20.783,389.53,21.026,478.02,21.269,566.51,21.512
160214,1,13.73,34.35000959,17.48,34.36698669,21.24,34.38400905,24.99,34.40098615,28.75,34.41800851
160216,1,35.46,20.89998085,42.77,20.97000958,50.08,21.04003832,57.38,21.10997126,64.69,21.17999999
160217,1,9.13,21.18000286,21.7,21.19699602,34.28,21.2140027,46.85,21.23099586,59.43,21.24800254
160218,1,10.37,19.8699708,22.7,20.05004382,35.02,20.22997079,47.35,20.41004381,59.67,20.58997078
160219,1,23.15,20.904,32.92,20.966,42.69,21.028,52.46,21.09,62.23,21.152
160220,1,7.75,21.188,20.6,21.281,33.45,21.374,46.3,21.467,59.15,21.56
160221,1,32.35,20.11,40.28,20.173,48.21,20.236,56.14,20.299,64.07,20.362
160222,1,20.78,19.34203214,28.12,19.45695344,35.47,19.57203131,42.81,19.68695261,50.16,19.80203048
160223,2,13.75,23.9,17.4,23.947,21.05,23.994,24.7,24.041,28.35,24.088
160223,1,14.72,21.48999632,21.24,21.50300614,27.75,21.51599601,34.27,21.52900583,40.78,21.5419957
160224,1,3.86,21.47999189,8.79,21.50000406,13.72,21.52001624,18.64,21.53998782,23.57,21.56
160226,1,25.95,22.61,35.76,22.757,45.57,22.904,55.38,23.051,65.19,23.198
160228,1,8.09,21.5700251,12.87,21.62998746,17.65,21.68994982,22.44,21.75003763,27.22,21.80999998
160230,1,5.3,54.768,6.64,54.783,7.98,54.798,9.32,54.813,10.66,54.828
160231,1,11.05,46.138,14.16,46.153,17.27,46.168,20.38,46.183,23.49,46.198
160233,1,10.63,46.13201003,13.82,46.14898373,17.02,46.16601064,20.21,46.18298435,23.41,46.20001126
160236,1,10.94,24.21201365,14.75,24.23599424,18.56,24.25997482,22.38,24.28401835,26.19,24.30799894
160236,2,4.84,22.91802227,9.87,22.97298928,14.9,23.02795629,19.94,23.08303258,24.97,23.13799959
160237,1,9.98,22.66000999,13.98,22.67998502,17.99,22.70000999,21.99,22.71998501,26,22.74000998
160237,2,6.17,25.51197963,7.94,25.52702381,9.7,25.541983,11.47,25.55702718,13.23,25.57198637
160238,1,5.75,26.002,7.6,26.029,9.45,26.056,11.3,26.083,13.15,26.11
160239,2,5.93,34.450033,7.14,34.46995066,8.36,34.49003292,9.57,34.50995058,10.79,34.53003284
160239,1,5.85,23.208,7.68,23.221,9.51,23.234,11.34,23.247,13.17,23.26
160242,1,6.9,30.68,10.28,30.7,13.66,30.72,17.04,30.74,20.42,30.76
160243,1,1.59,30.66801045,4.27,30.6839933,6.95,30.69997615,9.64,30.71601863,12.32,30.73200148
160246,1,10.13,28.22001312,14.7,28.24998033,19.28,28.28001311,23.85,28.30998032,28.43,28.34001311
160249,1,33.5,20.028,55,20.413,76.5,20.798,98,21.183,119.5,21.568
160250,1,20.3,20.728,44.24,20.833,68.18,20.938,92.12,21.043,116.06,21.148
160251,1,9.38,22.38002804,24.5,22.59295769,39.63,22.80602817,54.75,23.01895782,69.88,23.23202829
160253,1,49.55,24.55,70.04,24.72,90.53,24.89,111.02,25.06,131.51,25.23
160254,1,41.23,23.79202257,63.38,24.03996651,85.54,24.28802239,107.69,24.53596633,129.85,24.7840222
160255,1,61.42,25.79998649,82.14,25.94002028,102.85,26.07998648,123.57,26.22002027,144.28,26.35998648
160258,1,47.23,21.2100232,68.78,21.45996521,90.34,21.7100232,111.89,21.9599652,133.45,22.21002319
160259,1,60.12,19.54197323,79.1,19.79604016,98.07,20.04997323,117.05,20.30404016,136.02,20.55797322
160260,1,24.83,21.25201486,49.86,21.43897755,74.9,21.62601494,99.93,21.81297763,124.97,22.00001502
160263,1,130.47,3.829996072,161.02,3.890005893,191.56,3.949996071,222.11,4.010005893,252.65,4.069996071
160266,1,51.51,45.49797052,69.83,45.77101507,88.15,46.04405962,106.46,46.31695512,124.78,46.58999967
160267,1,36.78,46.91001787,58.04,47.0999732,79.31,47.29001787,100.57,47.47997319,121.84,47.67001787
160270,1,100.49,5.200003956,120.71,5.239998022,140.93,5.279992088,161.16,5.320005934,181.38,5.359999999
160273,1,30.06,3.359995999,60.05,3.420002001,90.04,3.480008003,120.02,3.539993997,150.01,3.6
160275,1,84.93,4.632003963,108.14,4.678993884,131.36,4.726004049,154.57,4.772993969,177.79,4.820004135
160278,1,31.44,4.252004151,65.17,4.318998103,98.9,4.385992055,132.64,4.453005869,166.37,4.519999822
160281,1,46.66,3.33799618,74.93,3.394002052,103.2,3.450007924,131.46,3.505993986,159.73,3.561999858
160283,1,3.96,4.869980198,4.97,4.88000996,5.98,4.890039722,6.98,4.899970179,7.99,4.909999941
160286,1,103.56,5.19999592,128.07,5.25000204,152.58,5.300008161,177.08,5.349993879,201.59,5.4
160288,1,34.11,3.257996165,67.49,3.324002038,100.87,3.39000791,134.24,3.455994008,167.62,3.52199988
160291,1,37.2,1.718,79.56,1.803,121.92,1.888,164.28,1.973,206.64,2.058
160293,1,13.41,34.76797025,19.73,34.86401552,26.05,34.96006079,32.36,35.05595409,38.68,35.15199935
160294,1,12.63,28.95200865,19.1,28.97698888,25.58,29.00200772,32.05,29.02698795,38.53,29.05200679
160297,1,12.73,24.5900161,20.18,24.64997586,27.64,24.7100161,35.09,24.76997585,42.55,24.83001609
160298,1,7.58,30.58803914,16.06,30.75394132,24.55,30.92003913,33.03,31.0859413,41.52,31.25203911
160301,1,88.86,4.941995968,132.51,5.030002016,176.16,5.118008065,219.8,5.205993951,263.45,5.294
160303,1,33.87,4.049996125,59.68,4.100005813,85.48,4.149996125,111.29,4.200005813,137.09,4.249996124
170518,1,85.76,38.97197086,173.21,40.24701459,260.66,41.52205832,348.1,42.79695625,435.55,44.07199998
170519,1,193.53,45.07003376,233.22,45.73994937,272.92,46.41003376,312.61,47.07994936,352.31,47.75003375
170522,1,9.13,42.70001367,22.3,42.78997951,35.48,42.88001366,48.65,42.96997951,61.83,43.06001366
170523,1,47.43,39.73400596,65.54,39.7859915,83.66,39.83800574,101.77,39.88999128,119.89,39.94200552
170524,1,44.55,44.51,57.04,44.6,69.53,44.69,82.02,44.78,94.51,44.87
170525,1,18.97,48.12797823,30.18,48.25303374,41.38,48.37797769,52.59,48.5030332,63.79,48.62797715
170528,1,1.94,31.25202559,3.19,31.26599045,4.44,31.27995531,5.7,31.29403189,6.95,31.30799675
170528,2,2.44,32.66802782,3.59,32.68298789,4.74,32.69794796,5.9,32.71303813,7.05,32.7279982
170529,2,20,49.86,24.2,49.92,28.4,49.98,32.6,50.04,36.8,50.1
170529,1,1.14,34.10002837,2.55,34.11998588,3.96,34.13994338,5.38,34.16004243,6.79,34.17999994
170530,2,5.16,51.32799066,7.73,51.34000468,10.3,51.3520187,12.86,51.36398597,15.43,51.37599999
170530,1,6.13,48.44801305,9.5,48.47297689,12.88,48.49801482,16.25,48.52297866,19.63,48.54801658
170532,1,18.15,39.958,26.72,40.003,35.29,40.048,43.86,40.093,52.43,40.138
170533,1,22.87,52.99998479,30.5,53.0570223,38.12,53.11398505,45.75,53.17102255,53.37,53.22798531
170535,1,4.04,25.81200445,11.23,25.82599833,18.42,25.83999221,25.62,25.85400556,32.81,25.86799944
170536,1,14.94,20.03000399,19.95,20.03999801,24.96,20.04999202,29.98,20.06000598,34.99,20.07
170540,1,12.33,32.04001218,25.46,32.11998173,38.6,32.20001218,51.73,32.27998173,64.87,32.36001218
170541,1,25.28,36.0520148,35.82,36.12697895,46.37,36.20201422,56.91,36.27697838,67.46,36.35201365
170542,1,32.74,32.98800762,42.19,33.0229964,51.64,33.05798519,61.1,33.093011,70.55,33.12799979
170550,1,52.04,25.22003422,82.43,25.73998289,112.82,26.25993156,143.22,26.78005133,173.61,27.3
170551,1,35.4,28.298,69.12,28.773,102.84,29.248,136.56,29.723,170.28,30.198
170552,1,60.03,27.22001288,80.22,27.34998069,100.42,27.48001287,120.61,27.60998069,140.81,27.74001287
170553,1,26.83,26.63002061,52.06,26.88996909,77.3,27.15002061,102.53,27.40996909,127.77,27.6700206
170554,1,28.8,24.882,53.64,25.209,78.48,25.536,103.32,25.863,128.16,26.19
170555,1,43.93,27.8080123,67.34,27.95098172,90.76,28.09401221,114.17,28.23698163,137.59,28.38001213
170563,1,130,27.778,163.2,28.163,196.4,28.548,229.6,28.933,262.8,29.318
170564,1,32.74,31.13401293,67.39,31.35599365,102.04,31.57797437,136.7,31.80001916,171.35,32.02199988
170565,1,37.49,29.81002448,70.99,30.21998776,104.49,30.62995105,138,31.04003671,171.5,31.45
170577,1,1.21,5.269984088,2.97,5.283006843,4.73,5.296029597,6.48,5.308978359,8.24,5.322001113
170579,1,2.38,3.80002365,3.9,3.816967236,5.43,3.834022294,6.95,3.850965881,8.48,3.868020939
170583,1,2.91,7.489985916,4.33,7.500007072,5.75,7.510028229,7.16,7.519978814,8.58,7.52999997
180111,1,24.45,37.93,37.58,38.107,50.71,38.284,63.84,38.461,76.97,38.638
180112,1,42.04,38.02002431,51.09,38.12998785,60.14,38.2399514,69.2,38.35003645,78.25,38.45999999
180114,1,3.13,26.48202445,4.6,26.49697155,6.08,26.51202034,7.55,26.52696744,9.03,26.54201623
180115,1,2.62,22.75798377,4.1,22.77303256,5.57,22.78797966,7.05,22.80302845,8.52,22.81797555
180117,1,3.74,27.2580192,4.99,27.26999045,6.24,27.28196169,7.5,27.29402871,8.75,27.30599995
180119,1,37.02,4.527996283,59.62,4.573006108,82.21,4.617996017,104.81,4.663005842,127.4,4.707995751
180121,1,30.55,4.438,42.68,4.463,54.81,4.488,66.94,4.513,79.07,4.538
180123,1,20,3.49,56,3.56,92,3.63,128,3.7,164,3.77
180126,1,25.34,5.610004008,60.27,5.679997996,95.2,5.749991985,130.14,5.820006011,165.07,5.89
180128,1,9.58,3.292003801,23.26,3.318994008,36.95,3.346003946,50.63,3.372994154,64.32,3.400004091
180131,1,40.94,4.66200412,82.69,4.745998036,124.44,4.829991953,166.2,4.914005987,207.95,4.997999904
180134,1,42.39,4.120004061,73.91,4.182998033,105.43,4.245992006,136.96,4.309005964,168.48,4.371999936
180137,1,117.31,4.585996176,141.37,4.634002079,165.43,4.682007981,189.48,4.729993931,213.54,4.777999833
180140,1,46.48,4.154004102,97.18,4.255994005,147.89,4.358004023,198.59,4.459993926,249.3,4.562003944
180143,1,24.36,4.239996015,59.49,4.310001993,94.62,4.380007971,129.74,4.449994022,164.87,4.52
180145,1,4.39,10.60001786,5.51,10.60999112,6.63,10.61996438,7.76,10.63002669,8.88,10.63999995
190106,1,47.66,4.597995906,70.13,4.643001959,92.6,4.688008012,115.06,4.732994035,137.53,4.778000088
190108,2,7.8,31.258,14.64,31.291,21.48,31.324,28.32,31.357,35.16,31.39
190108,1,11.79,32.2500298,17.83,32.33998511,23.87,32.42994043,29.92,32.52004467,35.96,32.60999999
190109,1,8,28.95,9.6,28.97,11.2,28.99,12.8,29.01,14.4,29.03
190111,1,26.37,4.289996183,37.9,4.313006074,49.42,4.335996009,60.95,4.3590059,72.47,4.381995834
190114,1,41,3.938,58.9,3.973,76.8,4.008,94.7,4.043,112.6,4.078
190116,1,21.29,2.788004482,28.43,2.802998041,35.57,2.8179916,42.72,2.833006159,49.86,2.847999718
190118,1,37.02,3.971995752,59.62,4.017005842,82.21,4.061996017,104.81,4.107006107,127.4,4.151996282
190120,1,60.3,5.72,84.24,5.767,108.18,5.814,132.12,5.861,156.06,5.908
190123,1,21.1,4.092,59.08,4.169,97.06,4.246,135.04,4.323,173.02,4.4
190124,1,20.91,5.131995836,49.73,5.189001874,78.55,5.246007912,107.36,5.30299417,136.18,5.360000208
190126,1,9.93,3.820008973,13.94,3.83698755,17.96,3.854008468,21.97,3.870987046,25.99,3.888007964
190129,1,100.4,4.23,123.92,4.277,147.44,4.324,170.96,4.371,194.48,4.418
190132,1,101.98,5.370003846,123.82,5.412994049,145.67,5.456003937,167.51,5.49899414,189.36,5.542004028
190134,1,67.52,4.119996121,84.02,4.153006063,100.51,4.185995999,117.01,4.219005941,133.5,4.251995877
190136,1,29.81,3.40999605,60.19,3.470001975,90.57,3.530007901,120.94,3.589994074,151.32,3.65
190139,1,71.75,6.198,115.12,6.284,158.49,6.37,201.86,6.456,245.23,6.542
190142,1,112.9,3.502,141.72,3.559,170.54,3.616,199.36,3.673,228.18,3.73
190145,1,29.64,4.620004109,63.71,4.689997946,97.78,4.759991782,131.86,4.830006163,165.93,4.9
190147,1,55.1,3.76,84.08,3.82,113.06,3.88,142.04,3.94,171.02,4
190149,1,52.98,4.708004074,74.58,4.750994076,96.19,4.794003981,117.79,4.836993983,139.4,4.880003887
190152,1,25.95,5.246,59.56,5.314,93.17,5.382,126.78,5.45,160.39,5.518
190155,1,66.6,4.892,99.36,4.959,132.12,5.026,164.88,5.093,197.64,5.16
190157,1,57.88,5.388003941,86.3,5.44399409,114.73,5.50000394,143.15,5.55599409,171.58,5.61200394
190159,1,67.69,5.062003877,85.23,5.096997948,102.77,5.13199202,120.32,5.167006042,137.86,5.202000113
190162,1,32.48,5.390004059,65.98,5.456994031,99.49,5.524003999,132.99,5.590993971,166.5,5.658003939
190165,1,89.2,4.362,131.3,4.446,173.4,4.53,215.5,4.614,257.6,4.698
190167,1,57.32,2.8399959,75.86,2.877005935,94.39,2.913996008,112.93,2.951006042,131.46,2.987996115
190169,1,65.16,2.597996464,82.13,2.631002122,99.1,2.66400778,116.06,2.696993988,133.03,2.729999646
190172,1,41.75,3.898,93.4,4.001,145.05,4.104,196.7,4.207,248.35,4.31
190174,1,12.83,5.328003195,20.34,5.342993613,27.86,5.358003992,35.37,5.37299441,42.89,5.388004789
190177,1,53.98,5.342003813,72.86,5.37899407,91.75,5.416003918,110.63,5.452994175,129.52,5.490004024
190182,1,37.81,4.44799612,60.49,4.494002117,83.17,4.540008114,105.84,4.585993826,128.52,4.631999823
190185,1,39.14,3.390004004,66.11,3.442998072,93.08,3.49599214,120.06,3.549005857,147.03,3.601999925
190187,1,14.48,60.24003095,17.58,60.28695493,20.69,60.33403027,23.79,60.38095425,26.9,60.4280296
190190,1,22.04,3.588003831,50.23,3.643997943,78.42,3.699992055,106.62,3.75600603,134.81,3.812000141
190193,1,34.1,4.38,77.88,4.467,121.66,4.554,165.44,4.641,209.22,4.728
190196,1,166.12,2.957995982,202.96,3.031005918,239.79,3.103996036,276.63,3.177005972,313.46,3.24999609
190198,1,28.16,3.517995995,54.13,3.570002003,80.1,3.62200801,106.06,3.673993992,132.03,3.726
190201,1,98.39,4.620003968,138.71,4.699998016,179.03,4.779992064,219.36,4.860005952,259.68,4.94
190203,1,42.92,3.677995751,54.22,3.701006021,65.51,3.723995927,76.81,3.747006197,88.1,3.769996103
190206,1,62.86,5.171995923,90.33,5.226001893,117.8,5.280007864,145.26,5.333994175,172.73,5.388000145
190209,1,64.33,3.220004116,93.48,3.279993826,122.64,3.340004116,151.79,3.399993826,180.95,3.460004116
200156,2,8.83,39.21001075,11.06,39.22298211,13.3,39.23601163,15.53,39.24898299,17.77,39.26201251
200156,1,15.03,37.28201409,20.42,37.3169811,25.82,37.35201297,31.21,37.38697998,36.61,37.42201186
200157,1,14.86,46.19398541,20.89,46.23600664,26.92,46.27802787,32.94,46.31997942,38.97,46.36200066
200162,1,2.98,12.90801427,4.38,12.91997297,5.79,12.93201708,7.19,12.94397578,8.6,12.95601989
200168,1,109.11,26.1699941,131.49,26.23700304,153.87,26.30401198,176.24,26.37099097,198.62,26.43799991
200169,1,26.92,24.56999547,65.74,24.6570067,104.55,24.74399552,143.37,24.83100675,182.18,24.91799557
200170,1,82.48,28.15000254,113.98,28.18999619,145.49,28.23000254,176.99,28.26999619,208.5,28.31000254
200172,1,71.62,32.39999502,91.7,32.45000747,111.77,32.49999502,131.85,32.55000747,151.92,32.59999502
200173,1,37.69,38.50000413,59.95,38.54699784,82.21,38.59399156,104.48,38.64100638,126.74,38.68800009
200174,1,22.51,30.9399913,47.81,31.05000435,73.11,31.16001739,98.4,31.26998695,123.7,31.38
200179,1,89.47,6.667996138,121.58,6.733006167,153.68,6.797995951,185.79,6.86300598,217.89,6.927995764
200181,1,31.79,3.822004043,65.43,3.889997979,99.07,3.957991915,132.72,4.026006063,166.36,4.094
200184,1,79.12,4.425996245,103.62,4.474005961,128.11,4.521996081,152.61,4.570005797,177.1,4.617995917
200186,1,42.09,4.940003978,74.27,5.002998074,106.45,5.06599217,138.64,5.129005841,170.82,5.191999937
200189,1,49.75,5.054,85.4,5.126,121.05,5.198,156.7,5.27,192.35,5.342
200192,1,80.5,4.882,97.4,4.916,114.3,4.95,131.2,4.984,148.1,5.018
200195,2,5.63,35.15801264,8.16,35.17398107,10.7,35.19001262,13.23,35.20598106,15.77,35.22201261
200195,1,8.77,34.92797695,10.68,34.95304096,12.58,34.97797375,14.49,35.00303777,16.39,35.02797056
200196,1,5.45,34.478,8.02,34.504,10.59,34.53,13.16,34.556,15.73,34.582
200197,1,7.73,35.31003598,9.84,35.34694802,11.96,35.38403499,14.07,35.42094702,16.19,35.45803399
200198,2,2.69,33.01203205,5.81,33.05898593,8.93,33.1059398,12.06,33.15304417,15.18,33.19999805
200198,1,5.93,31.02601295,8.4,31.04397738,10.88,31.06201455,13.35,31.07997898,15.83,31.09801614
200199,1,6.24,35.31603818,8.65,35.3639793,11.06,35.41192043,13.48,35.46006048,15.89,35.50800161
200200,1,2.25,36.99,5.46,37.03,8.67,37.07,11.88,37.11,15.09,37.15
200201,1,4.81,37.41796297,7.51,37.47102079,10.21,37.5240786,12.9,37.57693991,15.6,37.62999773
200201,2,7.38,34.8100165,9.56,34.82697713,11.75,34.84401556,13.93,34.86097619,16.12,34.87801462
200202,2,8.12,34.14596468,10.16,34.18405703,12.19,34.22196265,14.23,34.26005501,16.26,34.29796063
200202,1,7.86,31.40998086,9.95,31.4300096,12.04,31.45003833,14.12,31.46997124,16.21,31.48999997
200204,1,24.84,4.060004258,38.93,4.089997872,53.02,4.119991485,67.12,4.150006386,81.21,4.179999999
200207,1,38.06,2.965996386,52.45,2.994002086,66.84,3.022007785,81.22,3.049994022,95.61,3.077999721
210319,2,1.85,21.02,5.14,21.04,8.43,21.06,11.72,21.08,15.01,21.1
210319,1,5.75,22.33,8.26,22.34,10.77,22.35,13.28,22.36,15.79,22.37
210320,1,5.97,26.6199919,8.44,26.63001218,10.9,26.63999189,13.37,26.65001217,15.83,26.65999188
210322,1,1.38,26.86000806,3.86,26.86998793,6.35,26.88000805,8.83,26.88998792,11.32,26.90000804
210325,1,2.58,23.35000652,6.26,23.36298915,9.95,23.37600706,13.63,23.38898968,17.32,23.40200759
210325,2,6.95,23,9.76,23.013,12.57,23.026,15.38,23.039,18.19,23.052
210327,1,92.11,29.36798888,113.69,29.49100584,135.27,29.6140228,156.84,29.73698276,178.42,29.85999972
210328,1,71.57,28.02199474,89.06,28.06900812,106.54,28.11599462,124.03,28.16300801,141.51,28.20999451
210329,1,39.53,28.52801791,63.42,28.7409733,87.32,28.95401783,111.21,29.16697322,135.11,29.38001774
210330,1,22.82,28.18995808,49.06,28.7400629,75.29,29.28995807,101.53,29.84006289,127.76,30.38995807
210331,1,28.3,26.562,39.84,26.707,51.38,26.852,62.92,26.997,74.46,27.142
210334,1,269.58,19.71001023,402.18,20.38698469,534.79,21.06401021,667.39,21.74098468,800,22.4180102
210336,1,135.91,27.62797535,171.13,28.06401244,206.35,28.50004952,241.56,28.9359628,276.78,29.37199988
210337,1,92.87,30.49195911,136.7,31.38906143,180.52,32.28595906,224.35,33.18306138,268.17,34.07995902
210338,1,91.66,28.96996514,115.53,29.38701752,139.4,29.80406989,163.26,30.22094754,187.13,30.63799991
210339,1,53.7,26.492,85.16,26.906,116.62,27.32,148.08,27.734,179.54,28.148
210340,1,52.77,30.42998673,84.42,30.64001991,116.06,30.84998673,147.71,31.06001991,179.35,31.26998673
210341,1,64.89,29.91003833,94.11,30.46998084,123.33,31.02992335,152.56,31.59005749,181.78,32.15
210346,1,48.67,5.719996053,68.94,5.760005922,89.2,5.799996052,109.47,5.840005921,129.73,5.879996052
210349,1,59.55,3.382,87.66,3.439,115.77,3.496,143.88,3.553,171.99,3.61
210351,1,2.74,10.22000791,5.27,10.22999606,7.8,10.23998421,10.34,10.25001184,12.87,10.25999999
210354,1,65.59,3.99800372,92.47,4.050997917,119.35,4.103992114,146.24,4.157006026,173.12,4.210000223
210358,1,3.06,1.647985624,4.45,1.661011554,5.84,1.674037485,7.22,1.686969703,8.61,1.699995634
220123,1,6.98,57.63203684,18.38,57.83994547,29.79,58.04803648,41.19,58.25594511,52.6,58.46403611
220124,1,11.24,55.05803678,21.79,55.25398124,32.34,55.44992571,42.9,55.6460559,53.45,55.84200037
220125,1,13.97,56.82397322,23.98,56.95603938,33.98,57.08797361,43.99,57.22003978,53.99,57.35197401
220126,1,10.21,53.5079658,20.97,53.69401748,31.73,53.88006916,42.48,54.06594794,53.24,54.25199962
220127,1,29.93,60.15801483,36.94,60.21297605,43.96,60.26801568,50.97,60.3229769,57.99,60.37801653
220132,1,31.96,30.34998361,39.77,30.41300794,47.58,30.47603228,55.38,30.53897592,63.19,30.60200025
220133,1,17.65,31.212,28.32,31.239,38.99,31.266,49.66,31.293,60.33,31.32
220134,1,10.37,35.53999698,22.3,35.55700419,34.22,35.57399715,46.15,35.59100436,58.07,35.60799732
220136,1,6.36,5.089996422,11.95,5.100001791,17.54,5.110007159,23.12,5.119994629,28.71,5.129999998
220142,1,52.1,25.6,82.88,26.11,113.66,26.62,144.44,27.13,175.22,27.64
220143,1,30.96,26.78997068,65.75,27.30001466,100.54,27.81005864,135.32,28.31995602,170.11,28.83
220144,1,57.97,29.4359629,78.78,29.82405605,99.58,30.2119627,120.39,30.60005585,141.19,30.9879625
220145,1,60.24,29.30002102,78.89,29.49698939,97.54,29.69395775,116.2,29.89103174,134.85,30.0880001
220146,1,31.7,30.468,54.42,30.531,77.14,30.594,99.86,30.657,122.58,30.72
220147,1,65.26,29.83196125,80.95,30.13701951,96.64,30.44207777,112.32,30.7469416,128.01,31.05199987
220149,1,74.12,4.089996076,114.9,4.170005886,155.67,4.249996076,196.45,4.330005886,237.22,4.409996076
220151,1,39.83,3.122003751,48.36,3.138993908,56.9,3.156003984,65.43,3.172994141,73.97,3.190004217
220153,1,10.54,5.680003855,24.03,5.706997925,37.52,5.733991996,51.02,5.761006077,64.51,5.788000147
220156,1,11.05,3.256,25.24,3.284,39.43,3.312,53.62,3.34,67.81,3.368
220159,1,79.53,3.21200431,97.16,3.246994216,114.8,3.282003969,132.43,3.316993876,150.07,3.352003628
220162,1,17.48,30.39801489,33.6,30.51997718,49.73,30.64201513,65.85,30.76397742,81.98,30.88601538
220163,1,42.36,33.06998744,53.51,33.14000628,64.66,33.21002512,75.8,33.27998116,86.95,33.35
220164,1,21.43,32.23603418,31.14,32.40394792,40.86,32.57203459,50.57,32.73994832,60.29,32.90803499
220165,1,10.28,33.66802177,22.22,33.79996668,34.17,33.9320221,46.11,34.06396701,58.06,34.19602243
220166,1,10.7,35.3,22.16,35.38,33.62,35.46,45.08,35.54,56.54,35.62
220167,1,12.21,32.80997849,23.37,32.93001076,34.53,33.05004302,45.68,33.16996773,56.84,33.28999999
220169,1,15.25,4.492,37.04,4.537,58.83,4.582,80.62,4.627,102.41,4.672
220171,1,40.75,3.06,50.6,3.08,60.45,3.1,70.3,3.12,80.15,3.14
220174,1,15.27,4.01999599,36.22,4.063006207,57.16,4.105995894,78.11,4.149006111,99.05,4.191995798
220176,1,31.55,4.472,49.24,4.507,66.93,4.542,84.62,4.577,102.31,4.612
220178,1,61.18,3.612004279,78.94,3.646994259,96.71,3.68200394,114.47,3.71699392,132.24,3.752003602
220181,1,43.42,3.389995923,59.12,3.423006372,74.81,3.455995795,90.51,3.489006244,106.2,3.521995667
220183,1,44.34,5.160003668,63.97,5.196998065,83.6,5.233992462,103.24,5.271005704,122.87,5.308000101
220186,1,37.27,4.907995654,52.92,4.941006264,68.56,4.973995781,84.21,5.007006391,99.85,5.039995908
220188,1,8.81,5.569996,18.81,5.590002001,28.81,5.610008002,38.8,5.629993998,48.8,5.649999999
220191,2,12.51,2.52999625,28.51,2.560001876,44.51,2.590007501,60.5,2.619994374,76.5,2.649999999
220191,1,9.18,60.18002984,14.54,60.25995527,19.91,60.34002982,25.27,60.41995526,30.64,60.50002981
220192,1,15.64,2.902004059,24.51,2.919997972,33.38,2.937991885,42.26,2.956006085,51.13,2.973999999
220195,1,50.17,3.679995993,69.14,3.7170058,88.1,3.753996098,107.07,3.791005905,126.03,3.827996203
220198,1,40.08,50.67400309,62.06,50.70599572,84.05,50.73800291,106.03,50.76999554,128.02,50.80200273
220199,1,61.41,39.22996885,79.13,39.50701569,96.85,39.78406254,114.56,40.06095304,132.28,40.33799988
220201,1,1.88,4.942017263,3.5,4.95597417,5.13,4.970017231,6.75,4.983974138,8.38,4.998017199
220203,1,14.05,11.08,17.28,11.093,20.51,11.106,23.74,11.119,26.97,11.132
220206,1,18.71,6.139995889,38.17,6.180002056,57.63,6.220008223,77.08,6.259993832,96.54,6.299999999
220209,1,46.24,3.938004001,79.23,4.00299806,112.22,4.06799212,145.22,4.13300588,178.21,4.197999939
220214,1,31.72,5.249996011,66.82,5.320005984,101.91,5.389996011,137.01,5.460005984,172.1,5.52999601
220216,1,65.47,3.807995885,91.72,3.86100602,117.96,3.913995961,144.21,3.967006096,170.45,4.019996037
220219,1,69.17,5.781995698,86.84,5.817005774,104.5,5.851996037,122.17,5.887006113,139.83,5.921996376
220222,1,54.9,4.79,84.32,4.847,113.74,4.904,143.16,4.961,172.58,5.018
220225,2,85.02,6.739996,104.02,6.777005791,123.01,6.813996104,142.01,6.851005896,161,6.887996209
220225,1,1.53,80.04804067,3.2,80.08094153,4.88,80.1140394,6.55,80.14694026,8.23,80.18003814
220228,1,18.29,9.288003917,34.63,9.319998042,50.97,9.351992168,67.32,9.384005874,83.66,9.415999999
220230,1,24.09,8.246003814,42.97,8.283997882,61.85,8.32199195,80.74,8.360006143,99.62,8.398000211
220234,1,38.29,10.04000394,60.63,10.08299812,82.97,10.1259923,105.32,10.16900573,127.66,10.21199991
220236,1,14.04,7.96200445,21.23,7.975998333,28.42,7.989992215,35.62,8.00400556,42.81,8.017999442
220241,1,24.54,3.360003929,29.63,3.369998038,34.72,3.379992146,39.82,3.390005889,44.91,3.399999998
220245,1,90.33,4.742003928,108.66,4.778993892,127,4.816004036,145.33,4.852994,163.67,4.890004144
220247,1,9.69,5.95000397,17.75,5.966997768,25.81,5.983991566,33.88,6.001006448,41.94,6.018000246
220250,1,30.21,6.541995996,74.17,6.630002002,118.13,6.718008008,162.08,6.805993994,206.04,6.894
220253,1,12.05,8.358,29.64,8.394,47.23,8.43,64.82,8.466,82.41,8.502
220256,1,25.84,8.460004046,40.67,8.489997978,55.5,8.51999191,70.34,8.550006067,85.17,8.579999999
230259,1,240.88,19.58000548,364.3,19.91699182,487.73,20.25400546,611.15,20.5909918,734.58,20.92800544
230260,1,367.01,19.3079844,459.81,20.03400785,552.61,20.76003129,645.4,21.48597651,738.2,22.21199996
230262,1,6.93,71.10801849,9.74,71.1339723,12.56,71.16001847,15.37,71.18597228,18.19,71.21201845
230264,1,64.35,20.062,169.48,20.92,274.61,21.778,379.74,22.636,484.87,23.494
230265,1,103.59,22.08800271,200.87,22.21999864,298.15,22.35199457,395.44,22.48400407,492.72,22.616
230266,1,94.98,21.96001971,162.98,22.62997044,230.99,23.3000197,298.99,23.96997044,367,24.6400197
230271,1,136.41,19.1299936,280.13,19.5900032,423.85,20.0500128,567.56,20.5099904,711.28,20.97
230272,1,393.76,18.20998461,486.01,18.9200077,578.26,19.63003079,670.5,20.33997691,762.75,21.05
230275,2,11.71,41.24799153,18.79,41.28100509,25.87,41.31401865,32.94,41.34698559,40.02,41.37999915
230275,1,7.3,35.752,15.26,35.819,23.22,35.886,31.18,35.953,39.14,36.02
230276,1,16.3,51.342,35.04,51.366,53.78,51.39,72.52,51.414,91.26,51.438
230281,1,50.02,23.18199608,70.42,23.22000549,90.81,23.25799627,111.21,23.29600569,131.6,23.33399647
230282,1,44.23,20.30201563,65.98,20.46997693,87.74,20.63801544,109.49,20.80597674,131.25,20.97401526
230284,1,172.07,30.19997892,216.66,30.67003163,261.24,31.13997892,305.83,31.61003162,350.41,32.07997892
230285,1,46.13,31.01801157,67.9,31.14398264,89.68,31.27001157,111.45,31.39598264,133.23,31.52201157
230286,1,67.33,26.60201437,84.86,26.72897822,102.4,26.85601449,119.93,26.98297833,137.47,27.1100146
230287,1,39.45,29.002,62.56,29.11,85.67,29.218,108.78,29.326,131.89,29.434
230290,1,7.29,24.19001434,12.31,24.22699244,17.33,24.26397054,22.36,24.30102229,27.38,24.33800039
230290,2,5.31,21.37797192,6.45,21.39301235,7.59,21.40805277,8.72,21.42296126,9.86,21.43800169
230293,2,2.61,34.83996491,3.75,34.86001764,4.89,34.88007036,6.02,34.89994718,7.16,34.91999991
230293,1,3.51,39.78797919,4.47,39.80101676,5.43,39.81405432,6.38,39.82695608,7.34,39.83999365
230294,1,1.05,38.972,2.5,38.997,3.95,39.022,5.4,39.047,6.85,39.072
230294,2,3.66,35.34997849,4.59,35.36001082,5.52,35.37004315,6.44,35.3799676,7.37,35.38999993
230295,2,2.57,37.68797911,3.72,37.70304195,4.86,37.7179738,6.01,37.73303664,7.15,37.74796849
230295,1,2.67,36.33797517,3.8,36.35103381,4.92,36.36397689,6.05,36.37703553,7.17,36.3899786
240195,1,6.7,58.032,18.76,58.11,30.82,58.188,42.88,58.266,54.94,58.344
240196,1,8.1,59.72,19.68,59.92,31.26,60.12,42.84,60.32,54.42,60.52
240197,1,13.99,57.38802423,24.39,57.51298808,34.79,57.63795194,45.2,57.76303595,55.6,57.8879998
240198,1,10.38,60.57800212,21.7,60.59299576,33.03,60.60800265,44.35,60.62299629,55.68,60.63800318
240199,1,27.81,56.04999254,35.85,56.08000373,43.89,56.11001493,51.92,56.1399888,59.96,56.17
240200,1,12.45,55.038,23.56,55.081,34.67,55.124,45.78,55.167,56.89,55.21
240202,2,7.33,28.80000831,11.66,28.81698847,16,28.83400784,20.33,28.850988,24.67,28.86800738
240202,1,3.88,23.31000398,8.9,23.31999403,13.93,23.33000398,18.95,23.33999403,23.98,23.35000398
240210,1,24.16,5.309996089,49.73,5.360001956,75.3,5.410007823,100.86,5.459994133,126.43,5.51
240212,1,16.29,5.228006605,20.53,5.24399576,24.77,5.259984916,29.02,5.276011782,33.26,5.292000937
240214,1,13.75,3.662,30.76,3.697,47.77,3.732,64.78,3.767,81.79,3.802
240217,1,30.69,4.612003782,48.67,4.646997998,66.65,4.681992215,84.64,4.717005894,102.62,4.752000111
240219,1,41.47,3.379995864,55.98,3.410006205,70.48,3.439995863,84.99,3.470006204,99.49,3.499995863
240221,1,74.78,4.680004014,119.62,4.769993979,164.47,4.860004014,209.31,4.949993979,254.16,5.040004014
240222,1,50.27,4.939995959,84.92,5.010006062,119.56,5.079995959,154.21,5.150006061,188.85,5.219995959
240223,1,65.5,3.432,95,3.49,124.5,3.548,154,3.606,183.5,3.664
240225,1,38.72,3.639996054,57.98,3.677005713,77.23,3.713996157,96.49,3.751005816,115.74,3.78799626
240228,1,78.2,5.428,110.76,5.493,143.32,5.558,175.88,5.623,208.44,5.688
240230,1,23.96,4.099995756,35.27,4.123001946,46.58,4.146008137,57.88,4.168993985,69.19,4.192000176
240233,1,97.8,3.97,118.24,4.01,138.68,4.05,159.12,4.09,179.56,4.13
240236,1,74.98,5.500004,99.98,5.549994001,124.99,5.600003999,149.99,5.649994001,175,5.700003999
240239,1,98.23,3.428004022,125.08,3.480994117,151.94,3.534003947,178.79,3.586994042,205.65,3.640003872
240241,1,20,3.424,41.3,3.466,62.6,3.508,83.9,3.55,105.2,3.592
240244,1,102.94,3.810003772,124.15,3.849998115,145.36,3.889992457,166.58,3.930005657,187.79,3.969999999
240246,1,20.42,2.041996243,28.94,2.059006108,37.45,2.075996007,45.97,2.093005871,54.48,2.109995771
240248,1,21.59,3.330004038,51.31,3.389997982,81.03,3.449991925,110.76,3.510006056,140.48,3.57
240250,1,41.42,4.997996321,53.38,5.023006525,65.33,5.047995818,77.29,5.073006022,89.24,5.097995315
240255,1,11.52,6.299995912,25.22,6.327005842,38.91,6.353996057,52.61,6.381005987,66.3,6.407996202
240256,1,18.23,6.830003894,28.5,6.849994161,38.78,6.870003893,49.05,6.88999416,59.33,6.910003892
240258,1,68.98,6.450004123,98.08,6.509993816,127.19,6.570004123,156.29,6.629993815,185.4,6.690004123
240259,1,19.13,5.990004075,52.5,6.056994008,85.88,6.124004015,119.25,6.190993947,152.63,6.258003955
240260,1,16.09,6.452004198,42.77,6.505998051,69.45,6.559991905,96.14,6.614005996,122.82,6.66799985
240261,1,38.65,4.93,53.42,4.96,68.19,4.99,82.96,5.02,97.73,5.05
240266,1,76.16,4.371995715,94.83,4.409001822,113.5,4.446007928,132.16,4.482994214,150.83,4.520000321
240269,1,16,3.664,36.8,3.706,57.6,3.748,78.4,3.79,99.2,3.832
240272,1,58.64,4.700003859,79.37,4.739998071,100.1,4.779992283,120.84,4.820005788,141.57,4.859999999
240275,1,80.49,3.496003866,104.29,3.5439979,128.09,3.591991934,151.9,3.640006133,175.7,3.688000168
240278,1,3.08,86.19603819,4.44,86.22393704,5.81,86.25204103,7.17,86.27993988,8.54,86.30804387
240278,2,73.62,3.799996009,108.7,3.870005987,143.77,3.939996009,178.85,4.010005987,213.92,4.079996008
240280,1,1.48,86.65003805,3.16,86.68294069,4.85,86.71603917,6.53,86.7489418,8.22,86.78204029
240280,2,90.94,4.17800396,112.15,4.21999802,133.36,4.26199208,154.58,4.304005939,175.79,4.345999999
240282,1,38.26,3.599996063,60.61,3.64300188,82.96,3.686007697,105.3,3.728994272,127.65,3.772000089
240284,1,17.98,3.23800421,29.38,3.260994038,40.79,3.284004033,52.19,3.306993862,63.6,3.330003857
240285,1,13.01,2.541996129,25.41,2.567002098,37.81,2.592008066,50.2,2.616993869,62.6,2.641999838
240288,1,49.12,7.149995677,59.3,7.17300688,69.47,7.195995479,79.65,7.219006682,89.82,7.241995281
240291,1,55.67,4.709995942,74.4,4.747005875,93.12,4.783996048,111.85,4.821005981,130.57,4.857996154
240293,1,58.11,1.479995928,92.49,1.550002036,126.87,1.620008145,161.24,1.689993891,195.62,1.76
240296,1,28.06,4.217996059,54.45,4.270001971,80.84,4.322007883,107.22,4.373994088,133.61,4.426
240298,1,11.99,10.17200889,15.59,10.18599667,19.19,10.19998446,22.8,10.2140111,26.4,10.22799888
240301,1,51.32,5.569995974,91.06,5.65000604,130.79,5.729995973,170.53,5.81000604,210.26,5.889995973
240304,1,139.59,5.76200399,171.67,5.826997943,203.75,5.891991896,235.84,5.957006109,267.92,6.022000062
240307,1,24.19,3.840003975,49.35,3.889998013,74.51,3.939992052,99.68,3.990005961,124.84,4.04
240312,1,43.68,5.424004108,74.84,5.485994096,106.01,5.548003979,137.17,5.609993967,168.34,5.67200385
240317,1,109.37,6.049995959,147.98,6.127005958,186.58,6.203996011,225.19,6.281006009,263.79,6.357996062
240320,1,123.43,3.780003965,158.74,3.849994054,194.06,3.920003964,229.37,3.989994053,264.69,4.060003964
250347,1,149.55,48.76,220.04,49.97,290.53,51.18,361.02,52.39,431.51,53.6
250348,1,59.76,50.57797445,81.21,50.85401296,102.66,51.13005148,124.1,51.4059613,145.55,51.68199981
250354,1,76.72,54.50197422,108.38,54.90703829,140.03,55.31197441,171.69,55.71703848,203.34,56.1219746
250358,1,386.3,20.7,469.04,21.39,551.78,22.08,634.52,22.77,717.26,23.46
250359,1,132.07,19.78799102,266.66,20.39101343,401.24,20.99399104,535.83,21.59701345,670.41,22.19999105
250360,1,353.64,20.19001728,443.91,20.96999136,534.18,21.74996544,624.46,22.53002592,714.73,23.31
250362,1,110.76,27.73199863,169.01,27.76900058,227.26,27.80600254,285.5,27.84299815,343.75,27.8800001
250363,1,19.66,28.57199058,45.13,28.68900448,70.6,28.80601838,96.06,28.92298633,121.53,29.04000023
250364,1,43.12,27.41997733,64.3,27.660034,85.47,27.89997733,106.65,28.140034,127.82,28.37997733
250365,1,23.87,27.32199139,48.5,27.42901308,73.12,27.53599131,97.75,27.64301299,122.37,27.74999123
250367,1,67.63,27.55400402,89.5,27.59599433,111.38,27.63800384,133.25,27.67999415,155.13,27.72200366
250368,1,23.93,27.92604025,53.54,28.52393936,83.16,29.12204038,112.77,29.71993949,142.39,30.31804052
250369,1,55.65,28.21,75.12,28.48,94.59,28.75,114.06,29.02,133.53,29.29
250370,1,34.42,28.82398364,58.14,29.01602421,81.85,29.20798381,105.57,29.40002437,129.28,29.59198397
250371,1,42.74,26.2520192,63.99,26.45699031,85.24,26.66196142,106.5,26.86702898,127.75,27.07200009
250372,1,44.35,26.74,65.28,26.92,86.21,27.1,107.14,27.28,128.07,27.46
250374,1,37.49,38.08000864,49.99,38.13299584,62.49,38.18598304,75,38.23901264,87.5,38.29199984
250376,1,4.32,3.899982425,5.46,3.910026455,6.59,3.919982379,7.73,3.930026408,8.86,3.939982332
260208,1,97.12,30.0299693,129.7,30.53004605,162.27,31.0299693,194.85,31.53004605,227.42,32.0299693
260209,1,87.1,30.548,121.68,31.04,156.26,31.532,190.84,32.024,225.42,32.516
260210,1,32.94,28.94202845,78.35,29.58598586,123.76,30.22994328,169.18,30.8740425,214.59,31.51799991
260211,1,42.47,27.73996952,85.78,28.40004572,129.08,29.05996952,172.39,29.72004572,215.69,30.37996952
260212,1,137.74,30.05002265,165.99,30.36998867,194.24,30.6899547,222.5,31.01003398,250.75,31.33
260213,1,34.59,29.40201339,84.47,29.73699326,134.35,30.07197314,184.24,30.40702017,234.12,30.74200004
270207,1,40.93,26.08201574,97.34,26.52597639,153.76,26.97001574,210.17,27.41397639,266.59,27.85801574
270208,1,27.05,28.578,54.64,28.891,82.23,29.204,109.82,29.517,137.41,29.83
270209,1,76.03,27.05201642,91.62,27.17697615,107.22,27.30201603,122.81,27.42697576,138.41,27.55201564
270210,1,18.76,25.47196673,45.81,25.91901642,72.86,26.36606611,99.9,26.81295053,126.95,27.26000022
270212,1,72.17,31.03997983,99.74,31.31703011,127.3,31.5939799,154.87,31.87103018,182.43,32.14797997
270213,1,88.69,27.92800257,113.55,27.95999871,138.41,27.99199485,163.28,28.02400386,188.14,28.056
270214,1,53.11,26.28998113,84.49,26.5870095,115.87,26.88403786,147.24,27.18097157,178.62,27.47799993
270215,1,31.88,29.63601318,67.7,29.87398001,103.53,30.11201329,139.35,30.34998013,175.18,30.5880134
270217,1,70.5,32.37,95.8,32.493,121.1,32.616,146.4,32.739,171.7,32.862
270218,1,77.32,30.36197443,101.26,30.66903852,125.19,30.97597435,149.13,31.28303844,173.06,31.58997426
270219,1,32.29,28.21003457,55.43,28.60998272,78.57,29.00993086,101.72,29.41005185,124.86,29.81
270220,1,67.21,31.15799728,83.37,31.18000136,99.53,31.20200545,115.68,31.22399591,131.84,31.246
270221,1,39.46,30.26998987,61.17,30.38000507,82.88,30.49002027,104.58,30.5999848,126.29,30.71
270222,1,20.01,32.29196188,45.61,32.78001907,71.21,33.26807626,96.8,33.7559428,122.4,34.244